{
  "means": {
    "shape": [
      3705625,
      3
    ],
    "dtype": "float32",
    "mins": [
      -2.9547977447509766,
      -3.914663553237915,
      -2.902709484100342
    ],
    "maxs": [
      3.2223029136657715,
      2.752133369445801,
      2.8502142429351807
    ],
    "files": [
      "means_l.webp",
      "means_u.webp"
    ]
  },
  "scales": {
    "shape": [
      3705625,
      3
    ],
    "dtype": "float32",
    "mins": [
      -13.23853588104248,
      -13.352429389953613,
      -13.441481590270996
    ],
    "maxs": [
      1.794136881828308,
      1.6592638492584229,
      2.0076651573181152
    ],
    "files": [
      "scales.webp"
    ]
  },
  "quats": {
    "shape": [
      3705625,
      4
    ],
    "dtype": "uint8",
    "encoding": "quaternion_packed",
    "files": [
      "quats.webp"
    ]
  },
  "sh0": {
    "shape": [
      3705625,
      1,
      4
    ],
    "dtype": "float32",
    "mins": [
      -2.3967442512512207,
      -2.452305555343628,
      -2.4573373794555664,
      -5.537299156188965
    ],
    "maxs": [
      3.0,
      3.0,
      3.0,
      18.849666595458984
    ],
    "files": [
      "sh0.webp"
    ]
  },
  "shN": {
    "shape": [
      3705625,
      45
    ],
    "dtype": "float32",
    "mins": -0.5505141615867615,
    "maxs": 0.6980065107345581,
    "quantization": 8,
    "files": [
      "shN_centroids.webp",
      "shN_labels.webp"
    ]
  }
}